{
  "project_info": {
    "project_number": "173973033572",
    "firebase_url": "https://gst-calc-c441d.firebaseio.com",
    "project_id": "gst-calc-c441d",
    "storage_bucket": "gst-calc-c441d.appspot.com"
  },
  "client": [
    {
      "client_info": {
        "mobilesdk_app_id": "1:173973033572:android:d1c6c28e681889da",
        "android_client_info": {
          "package_name": "com.citizencalc.gstcalculator"
        }
      },
      "oauth_client": [
        {
          "client_id": "173973033572-2jtqgn24a2gfa3uahn0q9ud0ldktsilm.apps.googleusercontent.com",
          "client_type": 3
        }
      ],
      "api_key": [
        {
          "current_key": "AIzaSyBk_ZrW2wXjmd3qxuHRpfqbkIysOYFMzu0"
        }
      ],
      "services": {
        "appinvite_service": {
          "other_platform_oauth_client": [
            {
              "client_id": "173973033572-2jtqgn24a2gfa3uahn0q9ud0ldktsilm.apps.googleusercontent.com",
              "client_type": 3
            }
          ]
        }
      }
    }
  ],
  "configuration_version": "1"
}