{
  "unit": [
    {
      "unit_title": "Area",
      "unit_code": "ar",
      "unit_icon": "ic_unit_area.webp",
      "UnitList": [
        {
          "unit_name": "Square Millimeter",
          "unit_keyword": "mm2",
          "unit_parent": "Area"
        },
        {
          "unit_name": "Square Centimeter",
          "unit_keyword": "cm2",
          "unit_parent": "Area"
        },
        {
          "unit_name": "Square Meter",
          "unit_keyword": "m2",
          "unit_parent": "Area"
        },
        {
          "unit_name": "Square Kilometer",
          "unit_keyword": "km2",
          "unit_parent": "Area"
        },
        {
          "unit_name": "Square Mile",
          "unit_keyword": "mi2",
          "unit_parent": "Area"
        },
        {
          "unit_name": "Square Inch",
          "unit_keyword": "in2",
          "unit_parent": "Area"
        },
        {
          "unit_name": "Square Foot",
          "unit_keyword": "ft2",
          "unit_parent": "Area"
        },
        {
          "unit_name": "Square Yard",
          "unit_keyword": "yd2",
          "unit_parent": "Area"
        },
        {
          "unit_name": "Hectare",
          "unit_keyword": "ha",
          "unit_parent": "Area"
        },
        {
          "unit_name": "Acre",
          "unit_keyword": "ac",
          "unit_parent": "Area"
        }
      ]
    },
    {
      "unit_title": "Length",
      "unit_code": "ln",
      "unit_icon": "ic_unit_length.webp",
      "UnitList": [
        {
          "unit_name": "Micrometer",
          "unit_keyword": "μm",
          "unit_parent": "Length"
        },
        {
          "unit_name": "Millimeter",
          "unit_keyword": "mm",
          "unit_parent": "Length"
        },
        {
          "unit_name": "Centimeter",
          "unit_keyword": "cm",
          "unit_parent": "Length"
        },
        {
          "unit_name": "Decimeter",
          "unit_keyword": "dm",
          "unit_parent": "Length"
        },
        {
          "unit_name": "Meter",
          "unit_keyword": "m",
          "unit_parent": "Length"
        },
        {
          "unit_name": "Kilometer",
          "unit_keyword": "km",
          "unit_parent": "Length"
        },
        {
          "unit_name": "Mile",
          "unit_keyword": "mi",
          "unit_parent": "Length"
        },
        {
          "unit_name": "Inch",
          "unit_keyword": "in",
          "unit_parent": "Length"
        },
        {
          "unit_name": "Foot",
          "unit_keyword": "ft",
          "unit_parent": "Length"
        },
        {
          "unit_name": "Yard",
          "unit_keyword": "yd",
          "unit_parent": "Length"
        }
      ]
    },
    {
      "unit_title": "Weight",
      "unit_code": "Wg",
      "unit_icon": "ic_unit_weight.webp",
      "UnitList": [
        {
          "unit_name": "Microgram",
          "unit_keyword": "μg",
          "unit_parent": "Weight"
        },
        {
          "unit_name": "Milligram",
          "unit_keyword": "mg",
          "unit_parent": "Weight"
        },
        {
          "unit_name": "Gram",
          "unit_keyword": "g",
          "unit_parent": "Weight"
        },
        {
          "unit_name": "Kilogram",
          "unit_keyword": "kg",
          "unit_parent": "Weight"
        },
        {
          "unit_name": "Pound",
          "unit_keyword": "lb",
          "unit_parent": "Weight"
        },
        {
          "unit_name": "Ounce",
          "unit_keyword": "oz",
          "unit_parent": "Weight"
        },
        {
          "unit_name": "Grain",
          "unit_keyword": "gr",
          "unit_parent": "Weight"
        },
        {
          "unit_name": "Metric ton",
          "unit_keyword": "t",
          "unit_parent": "Weight"
        },
        {
          "unit_name": "Short Ton[US]",
          "unit_keyword": "t(US)",
          "unit_parent": "Weight"
        },
        {
          "unit_name": "Short Ton[UK]",
          "unit_keyword": "t(UK)",
          "unit_parent": "Weight"
        },
        {
          "unit_name": "Stone[US]",
          "unit_keyword": "st",
          "unit_parent": "Weight"
        },
        {
          "unit_name": "Carat",
          "unit_keyword": "ct",
          "unit_parent": "Weight"
        }
      ]
    },
    {
      "unit_title": "Time",
      "unit_code": "Tm",
      "unit_icon": "ic_unit_time.webp",
      "UnitList": [
        {
          "unit_name": "Millisecond",
          "unit_keyword": "ms",
          "unit_parent": "Time"
        },
        {
          "unit_name": "Second",
          "unit_keyword": "s",
          "unit_parent": "Time"
        },
        {
          "unit_name": "Minute",
          "unit_keyword": "min",
          "unit_parent": "Time"
        },
        {
          "unit_name": "Hour",
          "unit_keyword": "h",
          "unit_parent": "Time"
        },
        {
          "unit_name": "Day",
          "unit_keyword": "d",
          "unit_parent": "Time"
        },
        {
          "unit_name": "Week",
          "unit_keyword": "wk",
          "unit_parent": "Time"
        },
        {
          "unit_name": "Month",
          "unit_keyword": "mon",
          "unit_parent": "Time"
        },
        {
          "unit_name": "Year",
          "unit_keyword": "y",
          "unit_parent": "Time"
        }
      ]
    },
    {
      "unit_title": "Temperature",
      "unit_code": "Tc",
      "unit_icon": "ic_unit_thermometer.webp",
      "UnitList": [
        {
          "unit_name": "Celsius",
          "unit_keyword": "°C",
          "unit_parent": "Temperature"
        },
        {
          "unit_name": "Fahrenheit",
          "unit_keyword": "°F",
          "unit_parent": "Temperature"
        },
        {
          "unit_name": "Kelvin",
          "unit_keyword": "K",
          "unit_parent": "Temperature"
        }
      ]
    },
    {
      "unit_title": "Speed",
      "unit_code": "Sp",
      "unit_icon": "ic_unit_speed.webp",
      "UnitList": [
        {
          "unit_name": "Meter/Second",
          "unit_keyword": "m/s",
          "unit_parent": "Speed"
        },
        {
          "unit_name": "Foot/Second",
          "unit_keyword": "ft/s",
          "unit_parent": "Speed"
        },
        {
          "unit_name": "Meter/Minute",
          "unit_keyword": "m/min",
          "unit_parent": "Speed"
        },
        {
          "unit_name": "Foot/Minute",
          "unit_keyword": "ft/m",
          "unit_parent": "Speed"
        },
        {
          "unit_name": "Kilometer/Minute",
          "unit_keyword": "km/min",
          "unit_parent": "Speed"
        },
        {
          "unit_name": "Kilometer/Hour",
          "unit_keyword": "km/h",
          "unit_parent": "Speed"
        },
        {
          "unit_name": "Mile/Hour",
          "unit_keyword": "mi/h",
          "unit_parent": "Speed"
        },
        {
          "unit_name": "Knot",
          "unit_keyword": "kt",
          "unit_parent": "Speed"
        },
        {
          "unit_name": "Mach(SI standard)",
          "unit_keyword": "ma",
          "unit_parent": "Speed"
        },
        {
          "unit_name": "Meter/Hour",
          "unit_keyword": "m/h",
          "unit_parent": "Speed"
        },
        {
          "unit_name": "Earth's velocity",
          "unit_keyword": "c",
          "unit_parent": "Speed"
        }
      ]
    },
    {
      "unit_title": "Volume",
      "unit_code": "Vm",
      "unit_icon": "ic_unit_volume.webp",
      "UnitList": [
        {
          "unit_name": "Teaspoon",
          "unit_keyword": "tsp",
          "unit_parent": "Volume"
        },
        {
          "unit_name": "Tablespoon",
          "unit_keyword": "tb/sp",
          "unit_parent": "Volume"
        },
        {
          "unit_name": "Cup",
          "unit_keyword": "c",
          "unit_parent": "Volume"
        },
        {
          "unit_name": "Milliliter",
          "unit_keyword": "mL",
          "unit_parent": "Volume"
        },
        {
          "unit_name": "Liter",
          "unit_keyword": "L",
          "unit_parent": "Volume"
        },
        {
          "unit_name": "Pint[US]",
          "unit_keyword": "pt(US)",
          "unit_parent": "Volume"
        },
        {
          "unit_name": "Pint[UK]",
          "unit_keyword": "pt(UK)",
          "unit_parent": "Volume"
        },
        {
          "unit_name": "Quart[US]",
          "unit_keyword": "qt(US)",
          "unit_parent": "Volume"
        },
        {
          "unit_name": "Quart[UK]",
          "unit_keyword": "qt(UK)",
          "unit_parent": "Volume"
        },
        {
          "unit_name": "Gallon[US]",
          "unit_keyword": "gal(US)",
          "unit_parent": "Volume"
        },
        {
          "unit_name": "gallon[UK]",
          "unit_keyword": "gal(UK)",
          "unit_parent": "Volume"
        },
        {
          "unit_name": "Barel[US]",
          "unit_keyword": "L(US)",
          "unit_parent": "Volume"
        },
        {
          "unit_name": "Cubic Centimeter",
          "unit_keyword": "cm3",
          "unit_parent": "Volume"
        },
        {
          "unit_name": "Cubic Meter",
          "unit_keyword": "m3",
          "unit_parent": "Volume"
        },
        {
          "unit_name": "Cubic Inch",
          "unit_keyword": "inch3",
          "unit_parent": "Volume"
        },
        {
          "unit_name": "Cubic Foot",
          "unit_keyword": "ft3",
          "unit_parent": "Volume"
        },
        {
          "unit_name": "Cubic Yard",
          "unit_keyword": "yd3",
          "unit_parent": "Volume"
        }
      ]
    },
    {
      "unit_title": "Energy",
      "unit_code": "En",
      "unit_icon": "ic_unit_enargy.webp",
      "UnitList": [
        {
          "unit_name": "Joule",
          "unit_keyword": "J",
          "unit_parent": "Energy"
        },
        {
          "unit_name": "Kilojoule",
          "unit_keyword": "KJ",
          "unit_parent": "Energy"
        },
        {
          "unit_name": "Calorie(nutritional)",
          "unit_keyword": "cal",
          "unit_parent": "Energy"
        },
        {
          "unit_name": "Kilocalorie (IT)",
          "unit_keyword": "Kcal",
          "unit_parent": "Energy"
        },
        {
          "unit_name": "Kilowatt - hour",
          "unit_keyword": "kW-h",
          "unit_parent": "Energy"
        },
        {
          "unit_name": "Kilogram - force meter",
          "unit_keyword": "kgf-m",
          "unit_parent": "Energy"
        },
        {
          "unit_name": "Inch-pound",
          "unit_keyword": "in-lb",
          "unit_parent": "Energy"
        },
        {
          "unit_name": "Foot-pound",
          "unit_keyword": "ft-lb",
          "unit_parent": "Energy"
        },
        {
          "unit_name": "BTU(th)",
          "unit_keyword": "BTU",
          "unit_parent": "Energy"
        }
      ]
    },
    {
      "unit_title": "Fuel",
      "unit_code": "Fl",
      "unit_icon": "ic_unit_fuel.webp",
      "UnitList": [
        {
          "unit_name": "Kilometer/Liter",
          "unit_keyword": "km/L",
          "unit_parent": "Fuel"
        },
        {
          "unit_name": "Mile/Liter[US]",
          "unit_keyword": "mi/L",
          "unit_parent": "Fuel"
        },
        {
          "unit_name": "Kilometer/Gallon[US]",
          "unit_keyword": "km/gl",
          "unit_parent": "Fuel"
        },
        {
          "unit_name": "Mile/Gallon[US]",
          "unit_keyword": "mi/gal(US)",
          "unit_parent": "Fuel"
        },
        {
          "unit_name": "Mile/Gallon[UK]",
          "unit_keyword": "mi/gal(UK)",
          "unit_parent": "Fuel"
        },
        {
          "unit_name": "Liter/100km",
          "unit_keyword": "L/km",
          "unit_parent": "Fuel"
        }
      ]
    },
    {
      "unit_title": "Pressure",
      "unit_code": "Pr",
      "unit_icon": "ic_unit_presure.webp",
      "UnitList": [
        {
          "unit_name": "Standard Atmosphere",
          "unit_keyword": "atm",
          "unit_parent": "Pressure"
        },
        {
          "unit_name": "Pascal",
          "unit_keyword": "pa",
          "unit_parent": "Pressure"
        },
        {
          "unit_name": "Hectopascal",
          "unit_keyword": "kPa",
          "unit_parent": "Pressure"
        },
        {
          "unit_name": "Megapascal",
          "unit_keyword": "Mpa",
          "unit_parent": "Pressure"
        },
        {
          "unit_name": "Bar",
          "unit_keyword": "bar",
          "unit_parent": "Pressure"
        },
        {
          "unit_name": "Kg-Force/Sq.cm",
          "unit_keyword": "kgf/cm2",
          "unit_parent": "Pressure"
        },
        {
          "unit_name": "Kg-Force/Sq.m",
          "unit_keyword": "kgf/m2",
          "unit_parent": "Pressure"
        },
        {
          "unit_name": "Psi",
          "unit_keyword": "psi",
          "unit_parent": "Pressure"
        },
        {
          "unit_name": "Ksi",
          "unit_keyword": "Ksi",
          "unit_parent": "Pressure"
        },
        {
          "unit_name": "Torr",
          "unit_keyword": "Torr",
          "unit_parent": "Pressure"
        },
        {
          "unit_name": "Inch Mercury[32°F]",
          "unit_keyword": "inchHg",
          "unit_parent": "Pressure"
        },
        {
          "unit_name": "Millimeter Water",
          "unit_keyword": "mmH2o",
          "unit_parent": "Pressure"
        },
        {
          "unit_name": "Centimeter Water",
          "unit_keyword": "cmH2o",
          "unit_parent": "Pressure"
        },
        {
          "unit_name": "Inch Water",
          "unit_keyword": "inchH2o",
          "unit_parent": "Pressure"
        }
      ]
    },
    {
      "unit_title": "Storage",
      "unit_code": "St",
      "unit_icon": "ic_unit_storage.webp",
      "UnitList": [
        {
          "unit_name": "Bit",
          "unit_keyword": "b",
          "unit_parent": "Storage"
        },
        {
          "unit_name": "Byte",
          "unit_keyword": "B",
          "unit_parent": "Storage"
        },
        {
          "unit_name": "Kilobyte",
          "unit_keyword": "KB",
          "unit_parent": "Storage"
        },
        {
          "unit_name": "Megabyte",
          "unit_keyword": "MB",
          "unit_parent": "Storage"
        },
        {
          "unit_name": "Gigabtte",
          "unit_keyword": "GB",
          "unit_parent": "Storage"
        },
        {
          "unit_name": "Terabyte",
          "unit_keyword": "TB",
          "unit_parent": "Storage"
        },
        {
          "unit_name": "Petabyte",
          "unit_keyword": "PB",
          "unit_parent": "Storage"
        },
        {
          "unit_name": "Kilobit",
          "unit_keyword": "kb",
          "unit_parent": "Storage"
        },
        {
          "unit_name": "Megabit",
          "unit_keyword": "Mb",
          "unit_parent": "Storage"
        },
        {
          "unit_name": "Gigabit",
          "unit_keyword": "Gb",
          "unit_parent": "Storage"
        },
        {
          "unit_name": "Terabit",
          "unit_keyword": "Tb",
          "unit_parent": "Storage"
        },
        {
          "unit_name": "Block",
          "unit_keyword": "block",
          "unit_parent": "Storage"
        }
      ]
    }
  ]
}