{
  "project_info": {
    "project_number": "614920668847",
    "firebase_url": "https://citizen-calculator-f324c.firebaseio.com",
    "project_id": "citizen-calculator-f324c",
    "storage_bucket": "citizen-calculator-f324c.appspot.com"
  },
  "client": [
    {
      "client_info": {
        "mobilesdk_app_id": "1:614920668847:android:a3f5657c7a639678",
        "android_client_info": {
          "package_name": "com.divinesoftech.calculator"
        }
      },
      "oauth_client": [
        {
          "client_id": "614920668847-oeharfrn06ekbnkb1n5s359g4epdotvh.apps.googleusercontent.com",
          "client_type": 3
        }
      ],
      "api_key": [
        {
          "current_key": "AIzaSyA_AxQjr3DPKR73HRIkAXHQjQDpnQg0sic"
        }
      ],
      "services": {
        "appinvite_service": {
          "other_platform_oauth_client": [
            {
              "client_id": "614920668847-oeharfrn06ekbnkb1n5s359g4epdotvh.apps.googleusercontent.com",
              "client_type": 3
            }
          ]
        }
      },
      "admob_app_id": "ca-app-pub-8980115782895213~6373235616"
    },
    {
      "client_info": {
        "mobilesdk_app_id": "1:614920668847:android:2088130feb3dfa4d98765a",
        "android_client_info": {
          "package_name": "com.divinesoftech.meditationmusic"
        }
      },
      "oauth_client": [
        {
          "client_id": "614920668847-oeharfrn06ekbnkb1n5s359g4epdotvh.apps.googleusercontent.com",
          "client_type": 3
        }
      ],
      "api_key": [
        {
          "current_key": "AIzaSyA_AxQjr3DPKR73HRIkAXHQjQDpnQg0sic"
        }
      ],
      "services": {
        "appinvite_service": {
          "other_platform_oauth_client": [
            {
              "client_id": "614920668847-oeharfrn06ekbnkb1n5s359g4epdotvh.apps.googleusercontent.com",
              "client_type": 3
            }
          ]
        }
      }
    }
  ],
  "configuration_version": "1"
}